{
  "language": "en",
  "theme": "dark",
  "stay_on_top": false,
  "sidebar_fixed": true,
  "tray": true,
  "x_quit": true,
  "theme_monochromatic": false,
  "theme_frosted_texture": true,
  "ask_prompt": false,
  "ask_prompt_size": "middle",
  "proxy_rules": "",
  "proxy_bypass_rules": "",
  "proxy_rules_enable": false,
  "proxy_bypass_rules_enable": false,
  "prompt_type": "prompt",
  "prompt_favorite": false,
  "prompt_log_max": 300,
  "prompt_log_archive_max": 1000,
  "prompt_favorite_max": 300,
  "prompt_favorite_archive_max": 1000,
  "view_prompt_edit": false,
  "view_prompt_type": "prompt",
  "view_prompt_favorite": false,
  "noi_cache_mode": false,
  "shortcut_prompt_send": "CmdOrCtrl+Enter",
  "shortcut_prompt_up": "Up",
  "shortcut_prompt_down": "Down",
  "global_shortcut": "CmdOrCtrl+Shift+N",
  "global_shortcut_tray": "CmdOrCtrl+Shift+M",
  "global_shortcut_prompt": "CmdOrCtrl+Alt+P",
  "mode_sync": "https://raw.githubusercontent.com/lencx/Noi/main/configs/noi.mode.json"
}